,strand,align_position,score,species_y,raw_position,raw_seq,before_seq,after_seq
0,negative,127,0.5661913752555847,VT21780|0|MEMB002A|-|629,105,GTATCC,ATTGCG,CAAGTT
1,negative,127,0.5661913752555847,VT21780|0|MEMB002B|+|650,112,GTATCC,ATTGCG,CAAGTT
2,negative,127,0.5661913752555847,VT21780|0|MEMB002C|+|629,105,GTATCC,ATTGCG,CAAGTT
3,negative,127,-7.154907703399657,VT21780|0|MEMB002D|-|631,101,GTAACC,ATTGCG,CAAGTT
4,negative,127,-7.154907703399657,VT21780|0|MEMB002E|+|661,109,GTAACC,ATTGCG,CAAGTT
5,negative,127,-7.221711158752441,VT21780|0|MEMB002F|-|613,105,GTGTCC,ATTGCG,CAAGTT
6,negative,127,-7.154907703399657,VT21780|0|MEMB003A|+|644,93,GTAACC,ATTGCG,CAAGTT
7,negative,127,-7.154907703399657,VT21780|0|MEMB003B|+|634,106,GTAACC,ATTGCG,CAAGTT
8,negative,127,0.5661913752555847,VT21780|0|MEMB003C|+|629,105,GTATCC,ATTGCG,CAAGTT
9,negative,127,-7.154907703399657,VT21780|0|MEMB003D|+|639,93,GTAACC,ATTGCG,CAAGTT
10,negative,127,-7.154907703399657,VT21780|0|MEMB003F|+|634,105,GTAACC,ATTGCG,CAAGTT
11,negative,127,0.5661913752555847,VT21780|0|MEMB004A|+|650,112,GTATCC,ATTGCG,CAAGTT
12,negative,127,7.351160526275635,VT21780|0|MEMB004B|+|646,101,TAAGCC,ATTGCG,AAGTTG
13,negative,127,-7.154907703399657,VT21780|0|MEMB004E|+|647,101,GTAACC,ATTGCG,CAAGTT
14,negative,127,-7.154907703399657,VT21780|0|MEMB005B|+|630,101,GTAACC,ATTGCG,CAAGTT
15,negative,127,-7.154907703399657,VT21780|0|MEMB005D|+|651,112,GTAACC,ATTGCG,CAAGTT
16,negative,127,-7.154907703399657,VT21780|0|MEMB006A|+|654,112,GTAACC,ATTGCG,CAAGTT
17,negative,127,-7.154907703399657,VT21780|0|MEMB006B|-|649,116,GTAACC,ATTGCG,CAAGTT
18,negative,127,-7.154907703399657,VT21780|0|MEMB006C|-|661,113,GTAACC,ATTGCG,CAAGTT
19,negative,127,0.5661913752555847,VT21780|0|MEMB007B|+|629,105,GTATCC,ATTGCG,CAAGTT
20,negative,127,-7.154907703399657,VT21780|0|MEMB007C|-|628,101,GTAACC,ATTGCG,CAAGTT
21,negative,127,-7.154907703399657,VT21780|0|MEMB007D|+|632,105,GTAACC,ATTGCG,CAAGTT
22,negative,127,-7.154907703399657,VT21780|0|MEMB008C|-|637,110,GTAACC,ATTGCG,GAAGTT
23,negative,127,-7.154907703399657,VT21780|0|dkik|+|640,92,GTAACC,ATTGCG,CAAGTT
