,strand,align_position,score,species_y,raw_position,raw_seq,before_seq,after_seq
0,negative,152,3.824925661087036,VT50648|1|MEMB002A|-|385,128,AAATCC,CGACCA,GATCGT
1,negative,152,3.824925661087036,VT50648|1|MEMB002B|+|408,137,CAATCC,CGACCA,GATCGT
2,negative,152,3.824925661087036,VT50648|1|MEMB002C|-|385,128,CAATCC,CGACCA,GATCGT
3,negative,152,3.824925661087036,VT50648|1|MEMB002D|+|408,134,CAATCC,CGACCA,GATCGT
4,negative,152,3.824925661087036,VT50648|1|MEMB002E|-|412,134,CAATCC,CGACCA,GATCGT
5,negative,152,3.824925661087036,VT50648|1|MEMB002F|+|395,137,CAATCC,CGACCA,GATCAT
6,negative,152,3.824925661087036,VT50648|1|MEMB003A|+|404,131,CAATCC,CGACCA,GATCGT
7,negative,152,3.824925661087036,VT50648|1|MEMB003B|+|406,134,CAATCC,TGACCA,GGTCGT
8,negative,152,3.824925661087036,VT50648|1|MEMB003C|-|385,128,CAATCC,CGACCA,GATCGT
9,negative,152,3.824925661087036,VT50648|1|MEMB003D|+|404,131,CAATCC,CGACCA,GATCGT
10,negative,152,3.824925661087036,VT50648|1|MEMB003F|+|407,134,CAATCC,CGACCA,GATCGT
11,negative,152,3.824925661087036,VT50648|1|MEMB004A|-|408,137,CAATCC,CGACCA,GATCGT
12,negative,152,3.824925661087036,VT50648|1|MEMB004B|-|409,134,CAATCC,CGACCA,GATCGT
13,negative,152,3.824925661087036,VT50648|1|MEMB004E|-|400,137,CAATCC,CGACCA,GATCGT
14,negative,152,3.824925661087036,VT50648|1|MEMB005B|-|396,134,CAATCC,CGACCA,GATCGT
15,negative,152,3.824925661087036,VT50648|1|MEMB005D|-|407,134,CAATCC,CGACCA,GATCGT
16,negative,152,3.824925661087036,VT50648|1|MEMB006A|+|411,134,CAATCC,CGACCA,GATCGT
17,negative,152,3.824925661087036,VT50648|1|MEMB006B|-|404,131,CAATCC,CGACCA,GATCCT
18,negative,152,11.612828254699707,VT50648|1|MEMB006C|+|412,140,TAATCC,CGACCA,GATCGT
19,negative,152,3.824925661087036,VT50648|1|MEMB007B|-|400,143,CAATCC,CGACCA,GATCGT
20,negative,152,11.612828254699707,VT50648|1|MEMB007C|-|406,134,TAATCC,CGACCA,GGTCGT
21,negative,152,3.824925661087036,VT50648|1|MEMB007D|-|416,137,CAATCC,TGACCA,GATCGT
22,negative,152,3.824925661087036,VT50648|1|MEMB008C|-|411,134,CAATCC,CGACCA,GATCGT
23,negative,152,3.824925661087036,VT50648|1|dkik|+|401,131,CAATCC,CGACCA,GATCGT
