,strand,align_position,score,species_y,raw_position,raw_seq,before_seq,after_seq
0,negative,256,4.092426300048828,VT50647|0|MEMB002A|-|254,225,TTAGCC,CAAGAG,AGCTGG
1,negative,256,4.092426300048828,VT50647|0|MEMB002B|+|253,224,TTAGCC,AAAGAG,AGATGG
2,negative,256,4.092426300048828,VT50647|0|MEMB002C|-|256,227,TTAGCC,CAAGAG,AGCTGG
3,negative,256,4.092426300048828,VT50647|0|MEMB002D|+|248,219,TTAGCC,AGCGAG,AGTTGG
4,negative,256,4.092426300048828,VT50647|0|MEMB002E|-|239,210,TTAGCC,AACGAG,AGATGG
5,negative,256,4.092426300048828,VT50647|0|MEMB002F|+|234,205,TTAGCC,AACAGT,AGATGG
6,negative,256,4.092426300048828,VT50647|0|MEMB003A|+|228,199,TTAGCC,AACGAG,AGATGG
7,negative,256,4.092426300048828,VT50647|0|MEMB003B|+|234,205,TTAGCC,AACGAG,AGCTGG
8,negative,256,4.092426300048828,VT50647|0|MEMB003C|-|250,221,TTAGCC,CAAGAG,AGCTGG
9,negative,256,4.092426300048828,VT50647|0|MEMB003D|+|228,199,TTAGCC,AACGAG,AGATGG
10,negative,256,7.351160526275635,VT50647|0|MEMB003F|+|232,203,TAAGCC,AACGAG,AGATGG
11,negative,256,4.092426300048828,VT50647|0|MEMB004A|-|253,224,TTAGCC,AAAGAG,AGATGG
12,negative,256,7.351160526275635,VT50647|0|MEMB004B|-|247,218,TAAGCC,AACGAG,AGATGG
13,negative,256,7.351160526275635,VT50647|0|MEMB004E|-|245,216,TAAGCC,AACGAG,AGATGG
14,negative,256,7.351160526275635,VT50647|0|MEMB005B|-|246,217,TAAGCC,ATCGAG,AGTTGG
15,negative,256,4.092426300048828,VT50647|0|MEMB005D|-|238,209,TTAGCC,AACGAG,AGATGG
16,negative,256,4.092426300048828,VT50647|0|MEMB006A|-|242,213,TTAGCC,AACAAG,AGATGG
17,negative,256,4.092426300048828,VT50647|0|MEMB006B|-|238,209,TTAGCC,AACAAG,AGCTGG
18,negative,256,4.092426300048828,VT50647|0|MEMB006C|+|242,213,TTAGCC,AACGAG,AGATGG
19,negative,256,4.092426300048828,VT50647|0|MEMB007B|-|250,221,TTAGCC,CAAGAG,AGCTGG
20,negative,256,-0.4367419183254242,VT50647|0|MEMB007C|-|238,209,TAGGCC,AACGAG,AGATGG
21,negative,256,4.092426300048828,VT50647|0|MEMB007D|-|252,223,TTAGCC,AACACA,AGATGG
22,negative,256,4.092426300048828,VT50647|0|MEMB008C|-|242,213,TTAGCC,AACGAG,AGATGG
23,negative,256,4.092426300048828,VT50647|0|dkik|+|227,198,TTAGCC,AACGAG,AGATGG
